domain,images_with_captions
06880danwoog.com,1
12thman.com,1
2012-2017.usaid.gov,1
3-steve-rich.pixels.com,1
3diorama.com,4
3dprintingindustry.com,1
6abc.com,5
7500toholte.sbnation.com,1
929thebull.com,5
aadl.org,7
abc11.com,1
abc13.com,1
abc30.com,1
abc7.com,2
abc7news.com,3
abcnews.go.com,42
abcnews4.com,1
about-britain.com,1
accesswdun.com,1
acebourke.wordpress.com,1
acleddata.com,5
acppubs.com,1
acquia-d7.ncronline.org,1
activisthistory.com,1
acultureapiece.com,1
addisarmycricket.co.uk,1
adoremus.org,1
aegeurope.com,1
aerobaticteams.net,1
aeshahadlina.wordpress.com,1
afas.wustl.edu,1
africa-newsroom.com,1
africageographic.com,9
afro.com,3
ahf.nuclearmuseum.org,1
ahmadalikarim.wordpress.com,1
aidsmonument.org,2
aircommando.org,4
airport-world.com,1
aisleseatreview.com,6
alabama.rivals.com,1
alabamaledger.com,1
aleteia.org,2
alexgrant.me,2
alicerosebell.wordpress.com,1
allaboutflinsurance.wordpress.com,1
alumni.cornell.edu,25
america.aljazeera.com,1
americanarchive.org,1
americanfounding.org,1
americansongwriter.com,1
amp.theguardian.com,1
amwaj.media,1
andscape.com,2
angelusnews.com,4
anothereyeopens.com,1
apex.aero,1
apimagesblog.com,10
apimagesblog.wordpress.com,1
apnews.com,94
app.thestorygraph.com,1
applyzones.com,1
appstatesports.com,1
apptrailal.wordpress.com,1
aranca.com,1
architectureas.wordpress.com,1
architectureau.com,4
archive.aramcoworld.com,1
archive.independentmail.com,1
archive.justinjin.com,1
archive.knoxnews.com,1
archive.sltrib.com,1
archive.timesrecordnews.com,1
archive.vanityfair.com,2
armenpress.am,1
arquiste.com,1
artblart.com,9
artistandfan.com,1
artlead.net,1
arts-sciences.buffalo.edu,1
arts.psu.edu,1
artsreview.com.au,1
artuk.org,6
arxiv.org,7
asia.nikkei.com,5
asiapacificdefencereporter.com,1
asiatimes.com,1
asipofsports.wordpress.com,1
astronomynow.com,2
atlantablackstar.com,1
auction.swau.com,5
australianpridenetwork.com.au,1
autos.yahoo.com,1
avafestival.com,5
aviationweek.com,2
axhiopeemyq1.compat.objectstorage.us-phoenix-1.oraclecloud.com,1
azh.kz,1
b105country.com,1
bakersfieldnow.com,4
barandcocoa.com,1
baytobaynews.com,1
bbqboy.net,1
beachbooks.blog,2
becomeanutritionist.org,1
beetlesinthebush.com,3
belonging.berkeley.edu,1
bestbroadwaymusicals.com,1
bg.copernicus.org,1
bicyclingaustralia.com.au,2
bigweekend.store,2
billingsgazette.com,1
billmoyers.com,12
birdsoftheworld.org,4
bitterandblue.sbnation.com,1
biztimes.com,1
bjiujitsu.com,1
blackeconomicalliance.org,1
blackhawkup.com,1
blairwitch.fandom.com,1
bleedingcool.com,1
blog.datawrapper.de,1
blog.nationalarchives.gov.uk,1
blog.smu.edu,1
blog.ticketmaster.com,1
blogs.baylor.edu,1
blogs.bodleian.ox.ac.uk,1
blogs.fangraphs.com,1
blogs.library.duke.edu,10
blogs.nasa.gov,1
blogs.prio.org,1
blogs.ubc.ca,1
bluecollarblueshirts.com,1
bobbyrossjr.com,1
bombmagazine.org,1
bookgrocer.com,1
bookhaven.stanford.edu,2
boomcalifornia.org,2
boston.eater.com,1
br.pinterest.com,1
breakingandentering.net,1
bretmccabe.com,1
bringatrailer.com,1
broadcast.iu.edu,1
brooklynslifestyle.com,1
buckeyehuddle.com,1
builtenvironmentplus.org,2
ca.news.yahoo.com,3
ca.sports.yahoo.com,1
cac.org,1
cafe.com,1
cairoscene.com,1
californiawaterblog.com,1
calltothepen.com,6
calmatters.org,3
campaignlegal.org,1
canada.constructconnect.com,1
canadianthoroughbred.com,1
caribbean.loopnews.com,1
carltonautstraveltips.com,1
carnegieendowment.org,3
caroltaaffe.com,1
case.edu,3
catholicphilly.com,1
cavsnation.com,1
ccta.regent.edu,1
cdapress.com,1
cen.acs.org,1
centerbrook.com,1
centralasiaprogram.org,1
cerncourier.com,1
chan.usc.edu,1
chargerbulletin.com,1
chicago.suntimes.com,3
chicagomaroon.com,1
chicagoyimby.com,1
chinachange.org,1
chinamediaproject.org,1
chinasportsinsider.com,1
chopchat.com,5
circulareconomyalliance.com,1
citylimits.org,1
clements.umich.edu,3
climaxplay.net,3
closeronline.co.uk,2
clubquartershotels.com,3
cmsny.org,2
cnewsliveenglish.com,1
collections.vam.ac.uk,1
collider.com,3
coloradocommunitymedia.com,1
columns.wlu.edu,1
cometatomic.com,1
cominghomenewcastle.sbnation.com,1
communistusa.org,1
consumer.org.my,1
copyblogger.com,1
corporatewatch.org,2
cosmicdiary.org,1
countercurrents.org,1
county17.com,1
coyotegulch.blog,2
cpj.org,3
cpostrategy.media,1
creators.spotify.com,1
criticallegalthinking.com,1
cronkitenews.azpbs.org,2
cruxnow.com,1
ctc.westpoint.edu,15
cubbiescrib.com,1
cup2013.wordpress.com,2
cyberinsider.com,1
cyprus-mail.com,1
dadblog.co.uk,1
dailyartfair.com,1
dakotastudent.com,1
dancetabs.com,3
dancewithmeusa.com,1
danrafael.substack.com,2
daveyandkrista.com,1
davidburr.co.uk,1
dc.eater.com,4
dcgary.org,1
dctheaterarts.org,2
dcv-books.com,2
ddpinitiative.org,1
deadline.com,4
dealbook.nytimes.com,3
democratherald.com,2
denvergazette.com,1
depauliaonline.com,1
deskrib.com,1
dianerehm.org,7
diehlwhittaker.frontrunnerpro.com,1
diginomica.com,1
digital.library.upenn.edu,1
digital.neweratech.com,1
disneyfanon.fandom.com,4
divinity.ed.ac.uk,1
docsouth.unc.edu,2
donahuefuneral.com,1
dopeaffood.com,1
dorkingmuseum.org.uk,1
dothaneagle.com,1
downbeat.com,3
dragonflyintelligence.com,1
driving.ca,1
dsmpublicartfoundation.org,2
dunyanews.tv,1
dylanscottcountry.com,2
eatweekguide.com,1
ecfr.eu,6
ecochile.travel,3
edition.cnn.com,36
edition.mv,1
edmontonjournal.com,1
efe.com,2
ellamckendrick.com,5
emmafcownie.com,1
empirewritesback.com,1
emueagles.com,1
en.wikipedia.org,234
energybulletin.org,1
english.aaj.tv,1
english.aawsat.com,1
english.cctv.com,1
english.elpais.com,4
english.kyodonews.net,2
english.mathrubhumi.com,1
engr.ncsu.edu,1
enoughproject.org,1
entertainmentsouthwales.wordpress.com,1
environmentaleducationuk.wordpress.com,4
equalizersoccer.com,1
erau.edu,1
erticonetwork.com,1
esahubble.org,1
espnsiouxfalls.com,2
essd.copernicus.org,1
etias.com,1
evergreensmallbusiness.com,1
exeuntmagazine.com,2
exploring-london.com,5
exploringupstate.com,4
fansided.com,10
farmpolicynews.illinois.edu,1
faroutmagazine.co.uk,1
fcpdnews.wordpress.com,1
fieldlevelmedia.com,1
filmfreedonia.com,2
filmmakermagazine.com,1
filmtalk.org,1
filmuforia.com,2
fire.lacounty.gov,1
firstwomen.brightonmuseums.org,1
fitzrovianews.com,2
fivethirtyeight.com,4
flight-report.com,1
footballshirtcollective.com,1
fortune.com,38
fortunoff.library.yale.edu,1
forum.newsblur.com,1
fountain.fm,21
fox5sandiego.com,1
fpc.org.uk,1
fpif.org,1
fr.pinterest.com,1
franklinonfashion.com,2
freedomhouse.org,6
freshfiction.tv,2
fromasecretlocation.com,1
frontstretch.com,1
fssp-holycross.org,1
fullofdance.com,1
future.fandom.com,1
gameofthrones.fandom.com,1
gapersblock.com,1
gazette.com,5
georgewbush-whitehouse.archives.gov,1
georgianera.wordpress.com,4
georginacoburnarts.co.uk,3
gh.bmj.com,1
giallorossiyorkshire.com,1
giftshop.ed.ac.uk,2
gist.github.com,3
global.chinadaily.com.cn,1
global.georgetown.edu,2
globalnews.ca,12
globalsouthcolloquy.com,1
gml.noaa.gov,1
gobroncs.com,1
gobuckeyes.com,2
godanriver.com,1
godeacs.com,1
goingplacesfarandnear.com,1
golf.com,1
golfweek.usatoday.com,1
goodblacknews.org,1
goodmorninggloucester.com,1
goprincetontigers.com,1
gousfbulls.com,2
gppi.net,1
gprejects.com,1
grahamcluley.com,1
grantland.com,1
graphicartistsguild.org,1
graveyardsofscotland.com,1
graziadaily.co.uk,1
greatpyratlanta.com,3
greenbaybobfox.wordpress.com,1
greenwald.substack.com,1
gridironfootballusa.com,1
grist.org,1
group.skanska.com,2
gtspirit.com,1
guyaneseonline.wordpress.com,2
h-e-a-r-t.org,1
hakaimagazine.com,1
harpers.co.uk,1
hauntedpalaceblog.com,2
hayters.com,1
headsetadvisor.com,1
health.clevelandclinic.org,1
health.wusf.usf.edu,6
helenair.com,1
heritagecalling.com,3
historicalnovelsociety.org,1
historicimages.com,1
history.howstuffworks.com,1
hls.harvard.edu,1
holycrossmedicalcenter.org,1
home.coworker.org,1
homeoutletdirect.com,2
hoopshabit.com,1
houseofargyll.com,3
housethathankbuilt.com,1
howlinginfinite.com,1
hrzone.com,1
ibecbarcelona.eu,1
icehockey.fandom.com,1
iconicpix.photoshelter.com,4
idahonews.com,1
ideas.time.com,1
iee.psu.edu,1
ig.ft.com,1
ihouse.berkeley.edu,3
iiseagrant.org,1
imagecollect.com,2
immigrationimpact.com,1
in.pinterest.com,1
india.blogs.nytimes.com,1
ineapple.com,1
inews.co.uk,1
inparallellines.blog,1
insideclimatenews.org,11
insidethevatican.com,1
inss.ndu.edu,1
international.la-croix.com,1
inthesetimes.com,1
iowastatedaily.com,1
ipi.media,1
ipmnewsroom.org,2
irishhistoryfiles.wordpress.com,1
irr.org.uk,1
islandhistory.wordpress.com,2
ivf-surrogate.com,3
ivy.fm,1
jamaica-gleaner.com,1
jamaica.loopnews.com,1
jamesbond.fandom.com,1
jamiebradburnwriting.wordpress.com,1
jannaludlow.co.uk,3
japannews.yomiuri.co.jp,1
jboats.com,1
jbrcapital.com,1
jenmedsbookreviews.com,1
joshmann0201.substack.com,1
joshousing.com,1
joshualandis.com,3
journal.burningman.org,1
journalism.missouri.edu,1
journalstar.com,1
judithcurry.com,1
k945.com,1
kanebridgenewsme.com,2
katv.com,1
keanradio.com,1
keepingitheel.com,1
kevin6ca.substack.com,1
kfoxtv.com,1
khelnow.com,1
kids.kiddle.co,1
kidtripster.com,1
klofmag.com,1
kluwertaxblog.com,1
knowledge.wharton.upenn.edu,1
komonews.com,2
koreajoongangdaily.joins.com,2
kpcnotebook.scholastic.com,2
kstp.com,1
ktla.com,1
ktvz.com,1
kuwaittimes.com,3
kyleorton.co.uk,2
lacuna.org.uk,1
laist.com,17
lajazzscene.buzz,1
lastwordonsports.com,2
lasvegassun.com,1
law.emory.edu,1
law.ucla.edu,1
learnantiques.com.au,1
ledburypoetry.org.uk,3
legendsofthemultiuniverse.fandom.com,1
liamgillick.info,1
liamodell.com,1
libcom.org,1
library.iccwbo.org,1
link.springer.com,4
linkmybooks.com,1
linksinc.org,2
literarytreats.com,1
littlevillagemag.com,1
live959.com,1
livesofthefirstworldwar.iwm.org.uk,3
lobandsmash.com,1
londoncallingblog.net,1
londontravelplanning.com,1
lucire.com,1
lusakavoice.com,1
lutheranworld.org,1
lwvpdx.org,1
m.economictimes.com,3
m.gutenberg.org,1
m.imdb.com,10
m.koreaherald.com,1
m.rediff.com,5
m.thepeninsulaqatar.com,2
m.yelp.com,1
macaudailytimes.com.mo,3
machineryassociates.com,2
madeinshoreditch.co.uk,1
madison.illinoisgenweb.org,4
maf-uk.org,2
magazine.atavist.com,90
magazine.byu.edu,1
magazine.medlineplus.gov,1
maineboats.com,1
mainichi.jp,1
majorspoilers.com,1
malala.org,1
manife.st,1
mapacademy.io,1
marlborough.news,1
marxistleftreview.org,1
maryrose.org,2
mcgregorcoxall.com,1
mdsp.maryland.gov,1
mecco.colorado.edu,1
media.jaguarlandrover.com,2
mediadiversified.org,1
mediaroom.kbb.com,1
medicine.buffalo.edu,1
medyanews.net,1
mei.edu,1
metro.co.uk,13
mhs.mt.gov,1
milehighmaniac.com,1
missionpromise.org,1
missoulian.com,3
mmajunkie.usatoday.com,1
mondoweiss.net,2
money.com,1
monthlyreview.org,2
moroccotravelblog.wordpress.com,1
motherandsriaurobindo.in,1
mousehouselife.wordpress.com,1
moviepooper.com,1
mrdc.health.mil,1
mse.umd.edu,1
msf-crash.org,1
msgdish.com,1
mtstandard.com,4
murciatoday.com,3
musketfire.com,1
muslimheritage.com,1
mx.pinterest.com,1
mydailyartdisplay.uk,1
mynbc15.com,1
mynews13.com,1
nacla.org,1
nap.nationalacademies.org,1
napavalleyregister.com,1
nashvilleguru.com,1
nationaljeweler.com,1
nationalpost.com,4
nationalworld.newsprints.co.uk,1
nationalzoo.si.edu,8
nauticalfree.free.fr,1
nbadraft.theringer.com,1
nbhap.com,1
ndupress.ndu.edu,1
nehandaradio.com,1
nelson-atkins.org,1
nen.press,1
newatlas.com,4
newlinesmag.com,4
newmatilda.com,3
news.amomama.com,1
news.bbc.co.uk,3
news.cnrs.fr,1
news.drake.edu,2
news.harvard.edu,2
news.illinois.edu,1
news.lenovo.com,1
news.mongabay.com,1
news.northeastern.edu,1
news.pollstar.com,1
news.samsung.com,1
news.scranton.edu,1
news.stanford.edu,1
news.ua.edu,1
news.un.org,1
news.uoregon.edu,1
news.va.gov,5
news.virginia.edu,1
news.wfsu.org,1
news.wgcu.org,1
news.wilkes.edu,1
news.yahoo.com,1
newsadvance.com,1
newscorp.com,1
newsletters.lockedonpodcasts.com,1
newsroom.lmu.edu,1
newsroom.porsche.com,1
newsroom.unl.edu,1
niallmcquaid.wordpress.com,1
nj1015.com,1
nmu.edu,1
noirlab.edu,1
northeastscreen.org,1
nortoncenter.com,2
notesfrompoland.com,1
notevenpast.org,1
notintown.net,1
novacapsfans.com,1
nowfashion.com,3
nptelegraph.com,1
nwcraiders.com,1
ny1.com,6
nycdancestuff.wordpress.com,1
nypost.com,14
obamalibrary.archives.gov,5
obamawhitehouse.archives.gov,35
oberlinreview.org,1
obituaries.rwcpulse.com,2
observer.com,5
officesnapshots.com,1
oldwatford.com,2
oll.libertyfund.org,6
onefootball.com,1
oneloveafricapermaculture.wordpress.com,1
onscreenfashiondotcom.wordpress.com,1
op.europa.eu,1
opportunityagenda.org,2
origins.osu.edu,1
ottawacitizen.com,4
outsidethebeltway.com,4
pabucketlist.com,2
packgoats.wordpress.com,1
pagesix.com,3
paininthearsenal.com,1
pantagraph.com,1
parispropertygroup.com,1
passportapproved.com,1
pastexhibitions.guggenheim.org,1
patch.com,4
patriciagestoso.com,1
pausemag.co.uk,1
penfriend.rocks,1
perspectives.ushmm.org,1
petalumahistorian.com,2
phd2050.org,1
photography-now.com,1
photos.com,2
phrase.com,1
piccoloexplorer.com,1
placesjournal.org,2
plantriplondon.com,1
platypus1917.org,1
poisoncityestore.com,1
policinginsight.com,1
politicalresearch.org,2
pompeiiinpictures.com,1
popcrush.com,1
portlandpilots.com,1
premierecollectibles.com,1
president.ie,1
printler.com,1
printsales.thephotographersgallery.org.uk,1
profilesofparis.com,2
profwilliambyrnes.com,1
projects.archiexpo.com,1
projects.thestar.com,1
propertylistings.ft.com,3
prospect.org,1
publicintegrity.org,1
publicpolicyindonesia.wordpress.com,1
publishing.cdlib.org,1
puckprose.com,1
punchmagazine.com,1
qantara.de,1
qctimes.com,1
quartr.com,1
qz.com,1
rabble.ca,1
rachelsreviewstheatre.com,2
racingnews365.com,2
radaronline.com,1
radio.kttz.org,1
rafaelnadalfans.com,4
railway-news.com,1
rankingroyals.com,1
rarehistoricalphotos.com,3
ravenswire.usatoday.com,5
razorbackers.com,2
readingroo.ms,2
reason.com,2
reboundcast.com,2
redcircle.com,2
reddmonitor.substack.com,2
relix.com,1
research.ehl.edu,1
resumeworded.com,2
revealnews.org,2
richard-young-gallery.myshopify.com,1
richmond.com,2
river967.com,1
riversofhopeministries.com,1
road.cc,3
robbreport.com,1
robertamsterdam.com,1
robskinner.net,2
rockabilia.com,1
rockcontent.com,1
rollcall.com,13
rolltide.com,2
rosecollection.brandeis.edu,3
rtfitchauthor.com,1
rts.org.uk,1
ru.pinterest.com,1
rubbingtherock.com,1
rustyquill.com,1
ruth-hopkins.com,1
ruthpearce.net,1
samblog.seattleartmuseum.org,4
samiraahmed.blog,1
santamariatimes.com,2
santorinidave.com,2
sarahsbackstagepass.com,1
sasscer.wordpress.com,3
saturdayblitz.com,5
savannahfirsttimer.com,1
saveourbank.coop,1
savidgereads.wordpress.com,1
schedules.ire.org,1
science.nasa.gov,3
sciences.ncsu.edu,1
screamingforicecream.com,1
screenrant.com,20
scroll.in,1
seattleglobalist.com,1
seb4stien.substack.com,1
seenandheard-international.com,1
sg.news.yahoo.com,28
sg.yahoo.com,2
shop.lionsgate.com,1
shop.lonelyplanet.com,1
shopping.mattel.com,7
shorensteincenter.org,2
showbams.com,1
shrinebowl.com,2
sightmagazine.com.au,1
signalscv.com,2
simple.wikipedia.org,2
simpleflying.com,3
sirennet.tv,1
sistercelluloid.com,1
sites.utexas.edu,1
slashnews.co.uk,1
slate.com,10
slavedwellingproject.org,2
smallarmsreview.com,1
smallboatsmonthly.com,1
smalltownplussize.com,2
smartgrowthamerica.org,1
smmirror.com,3
soaps.sheknows.com,1
socialsciences.ucsd.edu,5
solarsystem.nasa.gov,1
soundsandshadows.com,1
southafrica-info.com,4
southernhomemagazine.com,1
southphillyreview.com,1
southsideshowdown.com,1
sowherenext.co,1
spacecityscoop.com,3
spaceflightnow.com,1
spectrumlocalnews.com,3
spectrumnews1.com,1
sport360.com,1
sports.ndtv.com,8
sports.yahoo.com,6
sportsnaut.com,1
sportswire.usatoday.com,1
spruethmagers.com,1
sputnikglobe.com,2
ssjc.uk,8
stable-learn.com,1
stadiumdb.com,1
starcrush.com,1
starexponent.com,1
starherald.com,1
startkiwi.com,7
stateinnovation.org,1
statenews.com,1
statescoop.com,1
stephen-younts.pixels.com,2
stephenjones.blog,1
steveblank.com,3
stillcurtain.com,1
stockcake.com,1
stopthecap.com,1
stores.ashleyfurniture.com,2
strangematters.coop,1
strictlycomedancing.fandom.com,1
stvbs.org,1
suffragio.org,1
sunhakpeaceprize.org,4
supernova.eso.org,1
support.apple.com,2
swampland.time.com,3
swimswam.com,1
swingometer.substack.com,1
tacit-knowledge-architecture.com,1
tahoequarterly.com,1
tanks-encyclopedia.com,4
tastecooking.com,1
tasteofcountry.com,1
taxfoundation.org,1
tcf.org,12
techcrunch.com,1
terp.umd.edu,1
the-jh-movie-collection-official.fandom.com,1
theanalyst.com,3
theanarchistlibrary.org,1
theboot.com,1
thebulletin.org,4
thebusbybabe.sbnation.com,3
thebusinessyear.com,1
thecitylane.com,3
theconversation.com,16
thedialog.org,1
theeagle.com,1
theecologist.org,2
thegintomytonic.com,1
theglobalobservatory.org,2
thegoodnewsroom.org,1
thegroundtruthproject.org,2
thehimalayantimes.com,2
thehockeywriters.com,1
thehollywood360.com,1
theindependenttourist.net,2
theintercept.com,36
thekojonnamdishow.org,1
thelab.bleacherreport.com,3
thelede.blogs.nytimes.com,1
thelongnwindingroad.wordpress.com,1
themastermindsite.com,1
themississippilink.com,1
themontrealeronline.com,3
theneptunes.org,1
thenerdybird.com,1
thenevadaindependent.com,1
thenextweb.com,1
theoleballcoach.com,12
thepeninsulaqatar.com,5
theprideoflondon.com,2
thequad.blogs.nytimes.com,1
therealnews.com,1
theshortfuse.sbnation.com,2
thesportjournal.org,1
thestarphoenix.com,1
thesundevils.com,2
thetalonohs.com,1
theunmanlychef.com,1
theunn.com,7
theusaboxingnews.com,4
theweek.com,7
thewire.fandom.com,1
theworldlink.com,1
time.com,10
time100.time.com,1
timesofindia.indiatimes.com,5
today.duke.edu,1
today.tamu.edu,1
today.uconn.edu,1
today.umd.edu,3
togsblog.wordpress.com,1
tomahawktake.com,4
toppodcast.com,1
toronto.citynews.ca,1
torontosun.com,4
tosavetheworld.ca,1
touchdownwire.usatoday.com,1
travel-dealz.com,4
traveltomorrow.com,1
treasurytoday.com,8
trektravel.com,3
tribune.com.pk,7
tricitiessports.com,6
truenorthgranola.com,1
tucson.com,4
tulsaworld.com,1
tuoitrenews.vn,1
turksandcaicostourism.com,4
tvgeekingout.wordpress.com,1
tvtropes.org,1
twentiescollective.wordpress.com,1
twinstrivia.com,3
tylerpaper.com,2
ue1-nodereport.bleacherreport.com,1
uihj.com,1
uk.news.yahoo.com,6
ukdefencejournal.org.uk,1
umaine.edu,1
umc.edu,1
unbiasthenews.org,1
undermain.art,1
unfospreys.com,1
unhabitat.org,1
unicefethiopia.wordpress.com,7
unifor584retirees.ca,2
unlimitedoffroadracing.com,1
uproxx.com,1
urbanland.uli.org,6
urbanmilwaukee.com,1
us.politsturm.com,1
usa.chinadaily.com.cn,3
usa.tv5monde.com,1
utmsports.com,1
utsports.com,1
uvamagazine.org,1
vanyaonstage.com,1
variety.com,30
vegas.eater.com,1
venturebeat.com,1
villaludovisi.org,1
vineyardgazette.com,1
visitbirmingham.com,1
visitulstercountyny.com,1
voila-chocolat.com,1
volswire.usatoday.com,1
voodemar.com,3
vridar.org,1
warfarehistorynetwork.com,8
warontherocks.com,2
washington.org,1
washingtoncitypaper.com,2
washingtonspirit.com,1
wbsm.com,1
wcfcourier.com,2
wealthwave.com,1
weather.com,1
weisradio.com,1
welections.wordpress.com,7
wenr.wes.org,2
westhampsteadlife.com,1
wfpp.columbia.edu,1
whatkatewore.com,1
whc.unesco.org,3
whca.press,2
whyy.org,42
widerimage.reuters.com,3
will.illinois.edu,1
willhaywardwales.substack.com,1
windsorstar.com,3
wjla.com,1
wlos.com,1
wnbf.com,1
wobm.com,3
woodbine.com,1
workingclasshistory.com,1
world.time.com,9
worldairlinenews.com,1
worldheritageoutlook.iucn.org,1
worldsoccertalk.com,1
worldview.stratfor.com,1
worldwidelogisticsltd.com,1
wreg.com,1
wreninkpaper.com,3
wswanderersfc.com.au,1
wtop.com,44
wupe.com,1
wwd.com,6
www.1011now.com,1
www.11alive.com,1
www.123rf.com,2
www.12news.com,1
www.13wmaz.com,1
www.175wg.ang.af.mil,1
www.2ndmardiv.marines.mil,1
www.3cr.org.au,1
www.3wiresports.com,1
www.512aw.afrc.af.mil,1
www.abc.net.au,37
www.abebooks.com,1
www.academia.edu,39
www.acc.af.mil,4
www.accord.org.za,1
www.aciafrica.org,1
www.aclu.org,1
www.acmcountry.com,1
www.advantasourcing.com,1
www.adweek.com,1
www.aecknowledge.com,1
www.aei.org,5
www.afar.com,2
www.afi.com,1
www.aiany.org,1
www.airforcetimes.com,1
www.airlinereporter.com,6
www.airnewzealand.com,1
www.airuniversity.af.edu,2
www.ajc.com,19
www.al-monitor.com,7
www.al.com,3
www.album-online.com,2
www.alibaba.com,2
www.aljazeera.com,77
www.aljazeera.net,2
www.alligator.org,1
www.altmeyerfuneralandcremation.com,1
www.amarillo.com,3
www.amazon.com,9
www.amazon.sg,1
www.americamagazine.org,4
www.americanprogressaction.org,14
www.americanyawp.com,1
www.americashealthrankings.org,1
www.americasquarterly.org,1
www.amnesty.org.uk,3
www.anderson.ucla.edu,5
www.andersonlibrary.org,1
www.anera.org,1
www.ang.af.mil,6
www.anothermag.com,1
www.ap.org,3
www.apartamentomagazine.com,1
www.app.com,7
www.apple.com,4
www.arab-reform.net,2
www.arabtimesonline.com,1
www.arch.columbia.edu,1
www.archdaily.com,4
www.architecturaldigest.com,3
www.archives.gov,2
www.arkansasonline.com,7
www.arlnow.com,4
www.armscontrol.org,4
www.armytimes.com,3
www.artchive.com,1
www.artdependence.com,5
www.artnews.com,5
www.artpal.com,6
www.artphotolimited.com,2
www.arts.ac.uk,2
www.artshomebase.com,1
www.artspace.com,2
www.artsy.net,4
www.asiafinancial.com,1
www.aspentimes.com,1
www.atlanticcouncil.org,5
www.audi-mediacenter.com,1
www.audible.com,1
www.audubon.org,2
www.augusta.com,1
www.augustachronicle.com,3
www.aura-astronomy.org,1
www.ausa.org,1
www.automation.com,1
www.automationinside.com,1
www.autoweb.com,2
www.avfc.co.uk,1
www.aviationtoday.com,1
www.azcentral.com,56
www.balmingilead.org,1
www.baltimoremagazine.com,2
www.baltimoreravens.com,1
www.baltimoresun.com,2
www.bangkokpost.com,1
www.bankingdive.com,2
www.bankrate.com,1
www.barbican.org.uk,1
www.barcablaugranes.com,1
www.barracks.marines.mil,1
www.battleshipnewjersey.org,1
www.bavarianfootballworks.com,3
www.bayes.city.ac.uk,5
www.bbc.co.uk,10
www.bbc.com,284
www.beaconjournal.com,4
www.belfasttelegraph.co.uk,21
www.bendbulletin.com,2
www.bergstromauto.com,1
www.berkeleyrep.org,4
www.besoccer.com,1
www.bidsquare.com,1
www.bifold.com,2
www.bigeastcoastbias.com,1
www.bildhalle.ch,1
www.billboard.com,23
www.biofuelwatch.org.uk,4
www.biography.com,3
www.biospace.com,1
www.birminghammail.co.uk,2
www.birminghamtimes.com,1
www.bissellpetfoundation.org,1
www.blackhistory.com,1
www.blackwhitereadallover.com,1
www.blaineharrington.com,1
www.blueridgenow.com,1
www.blufftontoday.com,1
www.boisestatepublicradio.org,1
www.boredpanda.com,3
www.boston.com,1
www.bostonglobe.com,31
www.bostonherald.com,15
www.bowlofchalk.net,1
www.bppa.net,1
www.bpr.org,1
www.brainerddispatch.com,1
www.brandonsun.com,1
www.brentstirton.com,1
www.bridgedetroit.com,2
www.bridgemanimages.com,3
www.brightonandhovenews.org,1
www.britannica.com,1
www.broadcastnow.co.uk,1
www.broadridge.com,1
www.broadwayworld.com,1
www.bronconationnews.com,2
www.brookings.edu,5
www.brookline.k12.ma.us,3
www.brooklynmuseum.org,2
www.broradio.fm,1
www.brownalumnimagazine.com,5
www.bruegel.org,1
www.bu.edu,1
www.buccaneers.com,1
www.building.co.uk,2
www.bundeskanzler.de,1
www.bundesliga.com,2
www.burgessyachts.com,2
www.burlingtonfreepress.com,1
www.businessinsider.com,17
www.businessinsider.in,1
www.businesstoday.in,1
www.buzz.ie,1
www.buzzfeed.com,1
www.bwslaw.com,4
www.c4isrnet.com,1
www.caa.com,1
www.cacci.biz,6
www.cafeducycliste.com,3
www.calameo.com,1
www.callutheran.edu,1
www.cambridgeindependent.co.uk,1
www.campaignlive.co.uk,2
www.campaignlive.com,3
www.canishoopus.com,11
www.canoncitydailyrecord.com,2
www.cantonrep.com,2
www.capecodtimes.com,8
www.capenews.net,1
www.capitalfm.co.ke,1
www.capitalgazette.com,2
www.cardboardconnection.com,1
www.caribbeanamericanweekly.com,1
www.carrollhs.org,1
www.carscoops.com,2
www.cascadepbs.org,1
www.casualoptimist.com,1
www.catalyzex.com,2
www.catholicireland.net,1
www.catholicnewsagency.com,16
www.catholicvoices.org.uk,1
www.catholicworldreport.com,1
www.catholicyyc.ca,2
www.cbs8.com,1
www.cbsnews.com,33
www.cctv.com,1
www.cdc.gov,2
www.celtictrailswalkingholidays.co.uk,2
www.centralmaine.com,1
www.cfr.org,19
www.channel4.com,1
www.charactour.com,1
www.charlottemotorspeedway.com,4
www.chenabgourmet.com,1
www.chicagotribune.com,14
www.chieftain.com,1
www.chiesaditotti.com,1
www.china.org.cn,2
www.chinadaily.com.cn,6
www.chinadailyhk.com,1
www.chrisbeetles.com,1
www.chuvision.com,1
www.cidrap.umn.edu,1
www.cigaraficionado.com,1
www.cincinnati.com,5
www.cinemablend.com,1
www.cinemaparadiso.co.uk,1
www.citizen-times.com,1
www.cityandstateny.com,1
www.civilbeat.org,3
www.cjonline.com,2
www.cladglobal.com,1
www.clarksvilletn.gov,1
www.cleveland.com,8
www.climatechangenews.com,2
www.climatesignals.org,2
www.cmi.no,1
www.cnet.com,3
www.cnhinews.com,5
www.cnn.com,341
www.cntraveler.com,6
www.coachforlifechange.com,2
www.coastalrivers.org,1
www.coldwellbankerhomes.com,1
www.coliseum-online.com,12
www.collectorsweekly.com,2
www.college-sports-journal.com,1
www.colombotelegraph.com,3
www.coloradoan.com,3
www.columbiadailyherald.com,3
www.columbiamissourian.com,4
www.comicsreporter.com,1
www.commanders.com,2
www.commercialsearch.com,1
www.compositesworld.com,4
www.conceptcarz.com,1
www.cornwalllive.com,1
www.cosmopolitan.com,1
www.countryliving.com,3
www.courant.com,3
www.courier-journal.com,9
www.couriermail.com.au,3
www.cozen.com,1
www.cpp.edu,1
www.crazyaboutmagazines.com,1
www.cruise-circle.co.uk,1
www.cruise365.com,1
www.cruisedeckplans.com,1
www.cryptoarena.com,1
www.csis.org,4
www.csmonitor.com,21
www.ctpublic.org,2
www.culturetype.com,2
www.cwgc.org,2
www.cyclingnews.com,3
www.cyclingweekly.com,1
www.dailybreeze.com,2
www.dailybulletin.com,1
www.dailycamera.com,2
www.dailyfreeman.com,5
www.dailygamecock.com,1
www.dailykos.com,2
www.dailylocal.com,7
www.dailymail.co.uk,37
www.dailynews.com,25
www.dailynewsegypt.com,5
www.dailyrecord.co.uk,6
www.dailyrecord.com,1
www.dailysabah.com,12
www.dailytelegraph.com.au,3
www.daimlertruck.com,1
www.dallasnews.com,22
www.dandc.eu,1
www.danielpomfret.co.uk,3
www.dawn.com,16
www.dayton.com,2
www.daytondailynews.com,4
www.dazeddigital.com,2
www.dcrainmaker.com,1
www.deadlinenews.co.uk,1
www.debbiekruger.com,1
www.declassifieduk.org,1
www.deedsmag.com,3
www.defensenews.com,4
www.defenseone.com,5
www.delawareonline.com,2
www.delcotimes.com,3
www.democratandchronicle.com,9
www.denofgeek.com,1
www.denver.org,1
www.denverpost.com,67
www.deseret.com,1
www.desertsun.com,4
www.desmoinesregister.com,21
www.detroitlions.com,1
www.detroitnews.com,9
www.dialoguejournal.com,2
www.digitalspy.com,3
www.digitaltrends.com,1
www.directrelief.org,2
www.dispatch.com,2
www.doctorswithoutborders.org,6
www.drapersonline.com,1
www.driving.co.uk,2
www.drought.gov,1
www.duluthnewstribune.com,1
www.dunhuang.ds.lib.uw.edu,1
www.durangoherald.com,2
www.dvidshub.net,1
www.dw.com,4
www.earthisland.org,1
www.earthtrekkers.com,1
www.eastbaytimes.com,4
www.ebay.com,1
www.ecoatm.com,1
www.economist.com,9
www.edbookfest.co.uk,1
www.edwardtufte.com,2
www.edweek.org,5
www.eeas.europa.eu,1
www.electronicpaymentsinternational.com,1
www.elevenwarriors.com,2
www.elkspringsresort.com,1
www.elle.com,4
www.elpasotimes.com,1
www.emirates247.com,1
www.empireonline.com,1
www.en.kremlin.ru,1
www.engadget.com,2
www.english-heritage.org.uk,1
www.enidnews.com,3
www.eonline.com,9
www.epicenglandtravel.com,1
www.eqfl.org,3
www.erininthemorning.com,1
www.espn.com,4
www.espncricinfo.com,4
www.esquire.com,1
www.essexlive.news,2
www.essexrecordofficeblog.co.uk,1
www.etonline.com,2
www.eurekalert.org,1
www.eurobike.at,1
www.euronews.com,20
www.europeanbestdestinations.com,1
www.eurosport.com,4
www.evansville.edu,1
www.eventbrite.com,1
www.everand.com,1
www.expedia.com,2
www.express.co.uk,19
www.exquisitecoasts.com,1
www.ey.com,1
www.ezrapound.com.au,1
www.f1oversteer.com,4
www.facsimiles.com,1
www.family.style,1
www.farmanddairy.com,1
www.fastbull.com,1
www.fau.edu,1
www.fb101.com,1
www.fca.org,1
www.fcbarcelona.com,2
www.fdli.org,1
www.federalbaseball.com,1
www.federalreservehistory.org,2
www.federaltimes.com,1
www.ffxnow.com,1
www.filmandpicture.com,3
www.filmihulluleffakauppa.com,1
www.filmmagic.com,1
www.firmastella.com,1
www.firstpost.com,1
www.fitnyc.edu,1
www.flashfictionnorth.com,1
www.flayrah.com,1
www.flickr.com,1
www.flightglobal.com,1
www.floretflowers.com,1
www.floridasportsman.com,2
www.floridatoday.com,9
www.flyajetfighter.com,1
www.fonearena.com,1
www.foodgal.com,2
www.football.london,8
www.football365.com,5
www.forbes.com,1
www.forbesindia.com,1
www.formula1.com,14
www.forryanoutloud.com,1
www.fortunebusinessinsights.com,1
www.fosters.com,6
www.fox5dc.com,1
www.foxbusiness.com,1
www.foxnews.com,23
www.foxsports.com,6
www.foxweather.com,2
www.freep.com,22
www.freshwatercleveland.com,1
www.frontiersin.org,5
www.ft.com,10
www.futuretravelexperience.com,1
www.fxcintel.com,2
www.fxva.com,1
www.gadsdentimes.com,3
www.gainesville.com,6
www.galesburg.com,1
www.gamesradar.com,2
www.garmentory.com,1
www.garrisonkeillor.com,2
www.garyyounge.com,1
www.gastongazette.com,3
www.gatewayclassiccars.com,1
www.gavi.org,2
www.geopoliticalmonitor.com,1
www.giants.com,5
www.gibbonsfuneralhome.com,1
www.gillespies.co.uk,1
www.givemesport.com,1
www.glamour.com,4
www.glassmagazine.com,1
www.globalcitizen.org,1
www.globalplayer.com,24
www.globalrailwayreview.com,1
www.globaltimes.cn,1
www.gmanetwork.com,1
www.gmignitionupdate.com,1
www.goal.com,4
www.goerie.com,4
www.golfdigest.com,1
www.goodhousekeeping.com,3
www.goodwood.com,4
www.gorealtravel.com,5
www.gosanangelo.com,3
www.gotobermuda.com,1
www.goupstate.com,1
www.gov.uk,1
www.governing.com,1
www.govexec.com,1
www.govtech.com,1
www.govtrack.us,1
www.goworldtravel.com,2
www.gpb.org,5
www.gpsjobs.net,1
www.gq.com,12
www.grandforksherald.com,2
www.grandviewresearch.com,1
www.greatfallstribune.com,3
www.greeleytribune.com,2
www.green-wood.com,7
www.greenbaypressgazette.com,1
www.greencarreports.com,5
www.greenvilleonline.com,8
www.gsma.com,1
www.gulf-times.com,6
www.gutenberg.org,11
www.hachettebookgroup.com,3
www.harlemworldmagazine.com,1
www.harpersbazaar.com,2
www.hauserwirth.com,1
www.hawaiipublicradio.org,2
www.hbo.com,1
www.hearthsidemeadow.com,1
www.hellomagazine.com,1
www.heraldandnews.com,1
www.heraldnet.com,2
www.heraldscotland.com,1
www.heraldsun.com.au,6
www.heraldtribune.com,6
www.hibob.com,1
www.highnorthnews.com,1
www.hillsproperties.com,1
www.hindustantimes.com,19
www.history.com,6
www.history.uscg.mil,1
www.historyextra.com,3
www.hksinc.com,1
www.hmc.edu,1
www.hockerty.com,1
www.hodinkee.com,1
www.holdenluntz.com,2
www.hollywoodheroes.com,1
www.hollywoodreporter.com,44
www.hoover.org,6
www.hotcars.com,2
www.house.gov,6
www.house.texas.gov,1
www.houseofsparky.com,2
www.housingwire.com,1
www.houst.com,1
www.houstonpublicmedia.org,3
www.howardcountymd.gov,1
www.hrw.org,31
www.hudson.org,4
www.huffpost.com,6
www.hunton.com,3
www.hurriyetdailynews.com,1
www.hypercars.us,1
www.ianfraser.org,1
www.iaumc.org,1
www.ibtimes.co.in,2
www.ibtimes.co.uk,17
www.ibtimes.com,6
www.ibtimes.com.au,4
www.icij.org,3
www.icons.com,1
www.ideastream.org,2
www.iemed.org,2
www.ien.com,1
www.ikonlondonmagazine.com,1
www.illiberalism.org,2
www.imdb.com,41
www.imperial.ac.uk,1
www.independent.co.uk,264
www.independent.ie,25
www.independentmail.com,8
www.indiatoday.in,2
www.indiatvnews.com,3
www.indiewire.com,8
www.indystar.com,13
www.ineos.com,2
www.inforum.com,1
www.inkl.com,9
www.innovationnewsnetwork.com,1
www.inpublishing.co.uk,1
www.inquirer.com,7
www.insidenova.com,2
www.insidesport.com.au,1
www.insightturkey.com,1
www.institutionalinvestor.com,1
www.institutkurde.org,1
www.internationalaccountingbulletin.com,1
www.inverse.com,1
www.iowapublicradio.org,2
www.ips-journal.eu,3
www.irishamerica.com,2
www.irishexaminer.com,5
www.irishmirror.ie,9
www.irishnews.com,3
www.irishtimes.com,6
www.iseas.edu.sg,1
www.ispytunes.com,1
www.israeltoday.co.il,4
www.italymagazine.com,1
www.iusm.co.kr,2
www.iwm.org.uk,1
www.jacksonsun.com,1
www.jacksonville.com,7
www.jaguar.in,1
www.jaguars.com,1
www.jamestownsun.com,2
www.japanfortwo.travel,1
www.japantimes.co.jp,19
www.jba.af.mil,1
www.jcs.mil,4
www.jewishvoicesnj.org,1
www.jhuapl.edu,1
www.jibble.io,1
www.jordanspiethgolf.com,1
www.journal-news.net,1
www.journal18.org,1
www.journalism.co.uk,1
www.jp-uk.com,1
www.jpl.nasa.gov,4
www.jpost.com,5
www.jsg.utexas.edu,5
www.jsonline.com,1
www.juneauempire.com,1
www.junotdiaz.com,1
www.jurist.org,1
www.justiceinfo.net,1
www.justjared.com,22
www.justjaredjr.com,5
www.kaieteurnewsonline.com,2
www.kbtx.com,1
www.kcentv.com,2
www.kent.edu,1
www.keranews.org,32
www.kgw.com,1
www.kktv.com,1
www.knoxnews.com,3
www.kokomotribune.com,1
www.kombuchakamp.com,1
www.kpbs.org,15
www.kqed.org,2
www.krem.com,1
www.krps.org,1
www.ksat.com,1
www.ksl.com,9
www.ktnv.com,1
www.ktoo.org,3
www.kuer.org,1
www.kunc.org,2
www.kunr.org,1
www.kuow.org,1
www.kwqc.com,1
www.laconiadailysun.com,1
www.lafc.com,1
www.lagalaxy.com,1
www.lagrange.edu,1
www.lakecountyohio.gov,1
www.lancs.live,1
www.lansingstatejournal.com,1
www.latimes.com,264
www.latintimes.com,7
www.law.com,1
www.leadingauthorities.com,2
www.lego.com,1
www.lemonde.fr,11
www.licas.news,2
www.lifeinabreakdown.com,1
www.linkedin.com,6
www.littledayout.com,1
www.live5news.com,2
www.livemint.com,11
www.liverpoolecho.co.uk,1
www.liverpoolfc.com,1
www.lockeliving.com,2
www.lockheedmartin.com,1
www.lohud.com,5
www.lonelyplanet.com,2
www.longwarjournal.org,1
www.lorjorexplore.com,1
www.lowyinstitute.org,2
www.lrb.co.uk,5
www.lubbockonline.com,8
www.lux-mag.com,2
www.luxtimes.lu,2
www.luxurylandandhomes.com,2
www.macombdaily.com,3
www.macrumors.com,1
www.mainepublic.org,1
www.malaymail.com,6
www.manchestereveningnews.co.uk,3
www.mankatofreepress.com,1
www.marcumllp.com,1
www.marieclaire.co.uk,1
www.marinecorpstimes.com,4
www.marines.mil,1
www.marketing-interactive.com,1
www.maroon-nation.com,1
www.martenscentre.eu,3
www.martinlawrencephotography.com,1
www.masslive.com,7
www.mauihands.com,1
www.mcalesternews.com,2
www.mcall.com,2
www.mcla.edu,1
www.mdedge9-ma1.mdedge.com,1
www.mdpi.com,25
www.mediastorehouse.com,3
www.medicinemandenver.com,1
www.medindia.net,1
www.meer.com,3
www.mei.edu,2
www.memorymill.co.uk,1
www.mercer.com,1
www.mercurynews.com,21
www.metmuseum.org,1
www.metrosiliconvalley.com,1
www.metrowaterrecovery.com,1
www.metrowestdailynews.com,1
www.mfa.gov.cn,1
www.mgpl.org,1
www.mhwmagazine.co.uk,4
www.miandn.com,5
www.michaelhoppengallery.com,2
www.michiganpublic.org,1
www.mickeyshannon.com,1
www.middleeasteye.net,9
www.milesdavis.com,1
www.milforddailynews.com,1
www.military.com,3
www.militarytimes.com,17
www.mining.com,2
www.minnpost.com,1
www.minube.co.uk,1
www.mirror.co.uk,52
www.mississippifreepress.org,1
www.mlbtraderumors.com,1
www.mlive.com,2
www.mlssoccer.com,2
www.mmc.gov,1
www.mnnonline.org,1
www.modernbricabrac.com,1
www.mondo-digital.com,1
www.moneycontrol.com,1
www.montereyherald.com,1
www.montgomeryadvertiser.com,1
www.morningjournal.com,4
www.morningstar.co.uk,1
www.motherjones.com,1
www.motorauthority.com,1
www.motorsportimages.com,1
www.motorsportmagazine.com,2
www.motorsportweek.com,1
www.movingmountains.com,1
www.mprnews.org,26
www.msnbc.com,15
www.mvtimes.com,4
www.mwcbarcelona.com,1
www.my-watchsite.com,1
www.mycg.uscg.mil,3
www.myguideslovakia.com,1
www.mylondon.news,1
www.naharnet.com,1
www.naplesnews.com,6
www.nasa.gov,6
www.nashvillescene.com,1
www.nationalgeographic.com,5
www.nationalguard.mil,4
www.nationaljeweler.com,1
www.nationalsarmrace.com,1
www.nationalww2museum.org,1
www.naturaldiamonds.com,1
www.nature.com,11
www.naturepl.com,1
www.naval-technology.com,1
www.nbc.com,2
www.nbcnews.com,167
www.nbcsports.com,20
www.nbcwashington.com,2
www.ncaa.com,1
www.ncnewsonline.com,1
www.ncregister.com,7
www.ncronline.org,7
www.ndtv.com,15
www.nearof.com,1
www.netflix.com,1
www.newcanaanlibrary.org,1
www.newcivilengineer.com,1
www.newindianexpress.com,2
www.newmyroyals.com,4
www.news-herald.com,5
www.news-journalonline.com,11
www.news.com.au,4
www.newscaststudio.com,1
www.newscientist.com,1
www.newsherald.com,1
www.newsleader.com,1
www.newstatesman.com,7
www.newsweek.com,17
www.newyorker.com,82
www.nextgov.com,1
www.nfl.com,4
www.nhpr.org,1
www.nicholsschool.org,6
www.nj.com,6
www.njeda.gov,1
www.nknews.org,1
www.nme.com,1
www.northcountrypublicradio.org,4
www.northfieldfuneral.com,1
www.northweststar.com.au,1
www.norwichbulletin.com,3
www.npr.org,111
www.nps.gov,7
www.nqatpod.com,1
www.nspsurfboards.com,2
www.ntra.com,1
www.nursingtimes.net,1
www.nwaonline.com,9
www.nwt.org.uk,2
www.nyc.gov,6
www.nycfc.com,1
www.nydailynews.com,38
www.nytimes.com,83
www.ocala.com,1
www.ocamagazine.com,2
www.ocregister.com,28
www.odmp.org,2
www.officelovin.com,1
www.officeriders.com,2
www.officialcharts.com,3
www.offshore-technology.com,1
www.ohio.edu,1
www.oikoumene.org,1
www.oklahoman.com,5
www.oldtowntequila.com,1
www.onefc.com,1
www.oneidadispatch.com,1
www.oneyoungworld.com,2
www.onlineathens.com,6
www.onmanorama.com,8
www.opb.org,6
www.orartswatch.org,2
www.oregonlive.com,3
www.orfonline.org,1
www.orlandosentinel.com,3
www.oudaily.com,1
www.outsideonline.com,2
www.ox.ac.uk,1
www.oxfam.org,2
www.pacaf.af.mil,1
www.pacegallery.com,2
www.pacifictakes.com,1
www.packersnews.com,5
www.palestinechronicle.com,1
www.paloaltoonline.com,9
www.panthers.com,4
www.paralympic.org,1
www.parkchasers.com,2
www.pasadenastarnews.com,3
www.passagerbooks.com,3
www.passion4fm.com,1
www.patriotledger.com,4
www.patriots.com,1
www.paulfrasercollectibles.com,1
www.pbo.co.uk,1
www.pbs.org,81
www.peekyou.com,7
www.penguin.co.uk,1
www.penguin.com.au,1
www.penguinrandomhouse.com,1
www.pennlive.com,2
www.periodpaper.com,1
www.pewresearch.org,7
www.pewtrusts.org,4
www.pff.com,1
www.pga.com,1
www.pgatour.com,8
www.phaidon.com,2
www.philanthropyroundtable.org,2
www.phillymag.com,2
www.phillyvoice.com,1
www.pilotonline.com,5
www.pinterest.com,30
www.pjstar.com,2
www.planetf1.com,2
www.planethugill.com,3
www.planetrugby.com,1
www.poam.net,1
www.pocket-lint.com,1
www.poconorecord.com,1
www.politico.eu,6
www.politifact.com,7
www.polygon.com,1
www.popsugar.co.uk,3
www.porini.com,1
www.posterazzi.com,2
www.postguam.com,1
www.pottsmerc.com,7
www.poughkeepsiejournal.com,1
www.powermag.com,1
www.poynter.org,1
www.pragmaticmom.com,1
www.pravda.com.ua,1
www.premierboxingchampions.com,1
www.pressconnects.com,7
www.pressenterprise.com,1
www.pressherald.com,12
www.presstelegram.com,1
www.prio.org,1
www.profarmer.com,2
www.profootballrumors.com,2
www.propertycasualty360.com,1
www.providencejournal.com,8
www.prri.org,2
www.pspl.org,1
www.psu.edu,1
www.publiclibrariesnews.com,2
www.qa-us.com,2
www.qlik.com,1
www.racefans.net,9
www.racingcircuits.info,1
www.radiocarbon.com,2
www.radiotimes.com,2
www.raiders.com,1
www.railway-technology.com,1
www.randallbenton.com,1
www.rbth.com,1
www.readingeagle.com,1
www.realclimate.org,1
www.realinstitutoelcano.org,1
www.record-eagle.com,1
www.recorderonline.com,1
www.recordnet.com,2
www.recordonline.com,3
www.reddit.com,28
www.redlandsdailyfacts.com,1
www.rentecdirect.com,1
www.reservedmagazine.com,6
www.restonnow.com,1
www.retrofootballgang.com,1
www.reviewjournal.com,3
www.rfkracing.com,1
www.rgj.com,1
www.risklive.net,1
www.robmcgibbon.com,1
www.rockarchive.com,2
www.rohde-schwarz.com,1
www.rolandgarros.com,3
www.rollingstone.com,34
www.romewise.com,1
www.rorymcilroy.com,1
www.rosalux.de,1
www.rosslandnews.com,1
www.rottentomatoes.com,2
www.rouleur.cc,2
www.rrstar.com,1
www.rt.com,2
www.rte.ie,2
www.rvapc.com,1
www.safia.hq.af.mil,1
www.sammlung-goetz.de,2
www.sandiegouniontribune.com,60
www.santafenewmexican.com,3
www.saratogian.com,4
www.satimagingcorp.com,1
www.savannahnow.com,4
www.sbnation.com,1
www.sbs.com.au,8
www.scidev.net,3
www.sciencenews.org,1
www.scmp.com,64
www.scotland.org,1
www.screendaily.com,4
www.screenhub.com.au,1
www.sctimes.com,1
www.sdpb.org,2
www.sdsm.com,1
www.seacoastonline.com,1
www.seaforces.org,5
www.seahawks.com,1
www.securityinfowatch.com,1
www.self.com,1
www.seqwater.com.au,1
www.seti.org,3
www.sfbayareaconcerts.com,1
www.sharetheoutdoors.com,1
www.shaw.af.mil,1
www.sheboyganpress.com,5
www.sheknows.com,2
www.shelbystar.com,1
www.showbiz411.com,1
www.shropshirestar.com,1
www.shutterstock.com,13
www.si.com,12
www.sierraclub.org,1
www.sierrasun.com,1
www.sierz.co.uk,2
www.siliconvalley.com,3
www.silive.com,2
www.simbavati.com,1
www.simonandschuster.com,2
www.sj-r.com,6
www.skiinghistory.org,1
www.slavikmanagement.com,1
www.slideshare.net,1
www.smh.com.au,11
www.sofitel-philadelphia.com,1
www.southburylibrary.org,1
www.southernspirits.com,1
www.space.com,2
www.spain.info,1
www.speechanddebate.org,1
www.spiegel.de,2
www.spokesman.com,4
www.sportingnews.com,2
www.spotlightonpodcast.com,2
www.springfieldnewssun.com,5
www.sprintzeal.com,1
www.stabroeknews.com,4
www.stargazette.com,1
www.starnewsonline.com,1
www.startmotionmedia.com,1
www.starwarsnewsnet.com,1
www.statenews.org,1
www.statepress.com,1
www.statesman.com,4
www.statesmanjournal.com,1
www.statnews.com,1
www.staugustine.com,2
www.stepsnyc.com,1
www.stiftung-berliner-mauer.de,1
www.stlpr.org,3
www.stltoday.com,2
www.straitstimes.com,3
www.stripes.com,2
www.studiointernational.com,1
www.stunninglyss.com,1
www.suewherewhywhat.com,1
www.summitdaily.com,1
www.sun-sentinel.com,2
www.sunshineseeker.com,2
www.supercars.net,1
www.supplychainbrain.com,1
www.sustainableviews.com,1
www.swanseacity.com,3
www.swissinfo.ch,2
www.sxsw.com,1
www.syracuse.com,5
www.tallahassee.com,5
www.tasnimnews.com,1
www.teamtalk.com,2
www.technologyreview.com,1
www.techradar.com,1
www.techspot.com,1
www.telegram.com,6
www.tennessean.com,41
www.tennisabstract.com,1
www.tennisviewmag.com,1
www.texastribune.org,54
www.the-daily-record.com,1
www.the-saleroom.com,1
www.the33rdteam.com,4
www.theadvertiser.com,3
www.theadvocate.com,6
www.theage.com.au,1
www.thearticle.com,2
www.theatlantic.com,33
www.thebanker.com,1
www.thecastlesofscotland.co.uk,4
www.thechemicalengineer.com,2
www.thechesapeaketoday.com,1
www.theconstitutional.com,1
www.thedailybeast.com,3
www.thedailyjournal.com,6
www.thedickinsonpress.com,1
www.theengineer.co.uk,1
www.theepochtimes.com,2
www.thefashionisto.com,1
www.thegate.ca,2
www.theginguild.com,2
www.theglobeandmail.com,2
www.thegolfinggazette.com,1
www.theguardian.com,4234
www.thehabarinetwork.com,1
www.thehindu.com,2
www.theholocaustexplained.org,1
www.thehoosiernetwork.com,1
www.thehotelguru.com,2
www.theirishstory.com,1
www.thejewelleryeditor.com,6
www.theknot.com,2
www.theledger.com,10
www.themarketforideas.com,1
www.themarshallproject.org,1
www.theminimalists.com,1
www.themonthly.com.au,1
www.thenation.com,25
www.thenationalnews.com,2
www.thenationshealth.org,1
www.thenewfederalist.eu,1
www.theoaklandpress.com,2
www.theology-centre.org.uk,1
www.theopennotebook.com,1
www.thephinsider.com,5
www.thepitchkc.com,1
www.therams.com,1
www.thereporteronline.com,1
www.therosegallery.co.uk,1
www.thesaturdaypaper.com.au,1
www.thespectrum.com,1
www.thesportsexaminer.com,4
www.thestar.com,15
www.thesun.co.uk,1
www.thesunchronicle.com,1
www.thetedkarchive.com,2
www.thethings.com,1
www.thetimes.com,40
www.theverge.com,4
www.theweek.in,1
www.thewire.co.uk,1
www.theyshootpictures.com,3
www.thezoereport.com,1
www.thinkglobalhealth.org,1
www.thisisanfield.com,4
www.tibetanreview.net,1
www.timbers.com,1
www.timeout.com,1
www.times-news.com,1
www.timesfreepress.com,13
www.timesherald.com,3
www.timesonline.com,1
www.timestelegram.com,1
www.today.com,9
www.todayonline.com,1
www.todays-golfer.com,2
www.tonyawards.com,3
www.topgear.com,4
www.torquenews.com,1
www.tovima.com,1
www.tpr.org,7
www.traveldistilled.com,1
www.travelworldmagazine.com,1
www.trentonian.com,8
www.tribuneindia.com,4
www.troyrecord.com,1
www.trucknews.com,1
www.tsn.ca,2
www.tulalipnews.com,2
www.turkishminute.com,1
www.tuscaloosanews.com,4
www.tvinsider.com,2
www.tvmaze.com,1
www.twincities.com,11
www.twz.com,1
www.uaf.edu,1
www.ualrpublicradio.org,1
www.ucf.edu,1
www.udel.edu,2
www.ufc.com,2
www.ultimaterugby.com,1
www.umnews.org,1
www.uncut.co.uk,1
www.understandinganimalresearch.org.uk,1
www.unesco.org,1
www.unr.edu,1
www.upi.com,7
www.usa.skanska.com,1
www.usatoday.com,1022
www.usmagazine.com,10
www.usopen.com,1
www.vaildaily.com,2
www.valleybreeze.com,1
www.vanityfair.com,31
www.vaticannews.va,1
www.vavel.com,1
www.veranda.com,1
www.vermontpublic.org,1
www.versobooks.com,1
www.vervecoffee.com,1
www.veterans.gc.ca,1
www.vibe.com,1
www.vice.com,2
www.vietnamescapetours.com,1
www.villagepreservation.org,1
www.vinylmeplease.com,1
www.visitwales.com,1
www.vogue.com,11
www.votebeat.org,1
www.vox.com,34
www.vrbo.com,2
www.vuhoops.com,4
www.vvdailypress.com,3
www.vwu.edu,1
www.walesonline.co.uk,8
www.wallpaper.com,1
www.wamc.org,2
www.wanderingappalachia.org,1
www.wardsauto.com,1
www.washingtonian.com,18
www.washingtoninformer.com,2
www.washingtoninstitute.org,1
www.watchesofespionage.com,2
www.wbez.org,1
www.wbtv.com,1
www.wbur.org,31
www.wctrib.com,2
www.wdbj7.com,1
www.weku.org,1
www.werelderfgoedfotos.nl,2
www.wesa.fm,6
www.wework.com,1
www.wfmynews2.com,1
www.wfyi.org,3
www.whatshappeninginchina.com,2
www.whatsonweibo.com,1
www.wheelerfamilyfuneralhome.com,1
www.whitecapsfc.com,1
www.whittierdailynews.com,1
www.whufc.com,1
www.wibw.com,1
www.wickedlocal.com,1
www.wikiart.org,1
www.wilmettelibrary.info,2
www.winnipegfreepress.com,4
www.wired-gov.net,1
www.wired.com,16
www.wireimage.com,3
www.witf.org,1
www.wits.ac.za,1
www.wktvjournal.org,3
www.wkyc.com,2
www.wkyufm.org,1
www.wliw.org,1
www.wlrn.org,1
www.wltx.com,1
www.wmagazine.com,1
www.wmar2news.com,1
www.worldfinance.com,1
www.worldliteraturetoday.org,1
www.worldsoccer.com,1
www.worldwidewounds.com,1
www.wosu.org,2
www.wpr.org,1
www.wpri.com,1
www.wqxr.org,2
www.wrkf.org,1
www.wruf.com,1
www.wrvo.org,1
www.wsfa.com,1
www.wsws.org,1
www.wtok.com,1
www.wtsp.com,1
www.wuft.org,1
www.wunc.org,10
www.wusf.org,3
www.wvtf.org,1
www.wwno.org,1
www.xxlmag.com,1
www.y12.doe.gov,1
www.yacht.de,1
www.yadvashem.org,1
www.yahoo.com,34
www.yangtze-river-cruises.com,1
www.ydr.com,2
www.yellowtrace.com.au,5
www.yorkdispatch.com,7
www.yourbasin.com,1
www.yourcelebritymagazines.com,1
www.yourgv.com,1
www.yourobserver.com,2
www.ypl.org,1
www.yumpu.com,264
www.zawya.com,1
www.zoomerradio.ca,1
yaleclimateconnections.org,1
